,Feature,w_opt
0,bias,114.98730129295646
1,4,0.0
2,33,2.152107289670287
3,34,4.300446216737123
4,35,51.94647351752884
5,36,0.0
6,48,35.14233284136146
7,56,29.01032869279901
8,57,32.69127734974962
9,64,36.302090359633986
10,65,0.0
11,66,0.0
12,67,0.0
13,68,0.0
14,69,0.0
15,70,0.0
16,71,0.0
17,72,0.0
