,Feature,w_opt
0,bias,113.97953823496132
1,4,1.0
2,33,3.1312569016324434
3,34,5.261243685592589
4,35,52.45049389631601
5,36,1.0
6,48,35.816212494721725
7,56,29.752475505496356
8,57,33.38664341432688
9,64,36.97190632528484
10,65,1.0
11,66,1.0
12,67,1.0
13,68,1.0
14,69,1.0
15,70,1.0
16,71,1.0
17,72,1.0
