,Feature,w_opt
0,bias,141.38404560374832
1,4,0.36769542477096373
2,33,1.5538009870462872
3,34,2.7158939774548974
4,35,28.90061525562361
5,36,0.36769542477096373
6,48,19.641378310240718
7,56,16.17312060015491
8,57,18.240143293215176
9,64,20.194793660082617
10,65,0.36769542477096373
11,66,0.36769542477096373
12,67,0.36769542477096373
13,68,0.36769542477096373
14,69,0.36769542477096373
15,70,0.36769542477096373
16,71,0.36769542477096373
17,72,0.36769542477096373
