,MSE,RMSE
Base Model (Train),97.89263363528795,9.894070630195033
Base Model (Test),115.76099885231882,10.759228543548966
L1 Model (Train),97.42133150746824,9.870224491239712
L1 Model (Test),115.54846002651715,10.749346958142022
L2 Model (Train),90.79597398654593,9.52869214459917
L1 Model (Test),113.70190994288562,10.663109768866004
