,MSE,RMSE,MAPE
Base Model (Train),649.1697103016952,25.478809044021176,0.142251819956421
Base Model (Test),1502.6547714880494,38.76409126353989,0.192792072449533
L1 Model (Train),648.7252821439231,25.47008602545196,0.1420531728498137
L1 Model (Test),1528.4750883869337,39.09571700822142,0.19442471415290927
L2 Model (Train),650.222949843282,25.49946959925406,0.1398374711514343
L2 Model (Test),1734.0362816915472,41.64176127028667,0.20334498640490548
Elastic Net Model (Train),689.2256810795373,26.253108027042003,0.1411604886637268
Elastic Net Model (Test),1835.3355818880975,42.84081677428778,0.20683866965326528
