,MSE,RMSE
Base Model (Train),200.60372662005676,14.16346449919852
Base Model (Test),249.13898546888402,15.78413714679659
L1 Model (Train),200.48600479494954,14.1593080620117
L1 Model (Test),249.2547812616725,15.78780482719724
L2 Model (Train),204.15569180351574,14.288306120863863
L2 Model (Test),256.4847489625372,16.01514124079264
Elastic Net Model (Train),247.57342905584278,15.734466278073839
Elastic Net Model (Test),310.8802583612749,17.631796799001368
