,MSE,RMSE,MAPE
Base Model (Train),200.60372662005676,14.16346449919852,0.058284883256005754
Base Model (Test),249.13898546888402,15.78413714679659,0.06115128763606024
L1 Model (Train),200.48600479494954,14.1593080620117,0.05842534874528244
L1 Model (Test),249.2547812616725,15.78780482719724,0.06137357344026333
L2 Model (Train),204.15569180351574,14.288306120863863,0.06196094136974204
L2 Model (Test),256.4847489625372,16.01514124079264,0.06602993723966552
Elastic Net Model (Train),247.57342905584278,15.734466278073839,0.07391526847873524
Elastic Net Model (Test),310.8802583612749,17.631796799001368,0.0792958129914332
