,MSE,RMSE,MAPE
Base Model (Train),646.923886,25.434698,0.141912
Base Model (Test),1491.511736,38.620095,0.192157
L1 Model (Train),646.473426,25.425842,0.141712
L1 Model (Test),1517.269048,38.952138,0.193787
L2 Model (Train),647.921356,25.454299,0.1395
L2 Model (Test),1721.899819,41.495781,0.202675
Elastic Net Model (Train),687.003683,26.210755,0.140875
Elastic Net Model (Test),1822.511013,42.690877,0.20621
