,MSE,RMSE,MAPE
Base Model (Train),803.308006,28.342689,0.155339
Base Model (Test),796.774938,28.227202,0.154794
L1 Model (Train),805.108091,28.374427,0.155374
L1 Model (Test),798.691875,28.261137,0.154808
L2 Model (Train),823.709199,28.700334,0.153718
L2 Model (Test),817.221248,28.587082,0.152514
Elastic Net Model (Train),858.745954,29.304367,0.153863
Elastic Net Model (Test),853.847314,29.220666,0.153147
